reference,api_group,capability,reference_support,openglesscope_current,openglesscope_path,ui_txt_html_database,status
External public OpenGL ES capability reference,OpenGL ES 2.0,GL_MAX_COMBINED_TEXTURE_IMAGE_UNITS,reported,covered,version-gated direct GL query; indexed query for work-group arrays where applicable,yes,parity
External public OpenGL ES capability reference,OpenGL ES 2.0,GL_MAX_CUBE_MAP_TEXTURE_SIZE,reported,covered,version-gated direct GL query; indexed query for work-group arrays where applicable,yes,parity
External public OpenGL ES capability reference,OpenGL ES 2.0,GL_MAX_FRAGMENT_UNIFORM_VECTORS,reported,covered,version-gated direct GL query; indexed query for work-group arrays where applicable,yes,parity
External public OpenGL ES capability reference,OpenGL ES 2.0,GL_MAX_RENDERBUFFER_SIZE,reported,covered,version-gated direct GL query; indexed query for work-group arrays where applicable,yes,parity
External public OpenGL ES capability reference,OpenGL ES 2.0,GL_MAX_TEXTURE_IMAGE_UNITS,reported,covered,version-gated direct GL query; indexed query for work-group arrays where applicable,yes,parity
External public OpenGL ES capability reference,OpenGL ES 2.0,GL_MAX_TEXTURE_SIZE,reported,covered,version-gated direct GL query; indexed query for work-group arrays where applicable,yes,parity
External public OpenGL ES capability reference,OpenGL ES 2.0,GL_MAX_VARYING_VECTORS,reported,covered,version-gated direct GL query; indexed query for work-group arrays where applicable,yes,parity
External public OpenGL ES capability reference,OpenGL ES 2.0,GL_MAX_VERTEX_ATTRIBS,reported,covered,version-gated direct GL query; indexed query for work-group arrays where applicable,yes,parity
External public OpenGL ES capability reference,OpenGL ES 2.0,GL_MAX_VERTEX_TEXTURE_IMAGE_UNITS,reported,covered,version-gated direct GL query; indexed query for work-group arrays where applicable,yes,parity
External public OpenGL ES capability reference,OpenGL ES 2.0,GL_MAX_VERTEX_UNIFORM_VECTORS,reported,covered,version-gated direct GL query; indexed query for work-group arrays where applicable,yes,parity
External public OpenGL ES capability reference,OpenGL ES 2.0,GL_MAX_VIEWPORT_DIMS,reported,covered,version-gated direct GL query; indexed query for work-group arrays where applicable,yes,parity
External public OpenGL ES capability reference,OpenGL ES 2.0,GL_NUM_COMPRESSED_TEXTURE_FORMATS,reported,covered,version-gated direct GL query; indexed query for work-group arrays where applicable,yes,parity
External public OpenGL ES capability reference,OpenGL ES 2.0,GL_NUM_SHADER_BINARY_FORMATS,reported,covered,version-gated direct GL query; indexed query for work-group arrays where applicable,yes,parity
External public OpenGL ES capability reference,OpenGL ES 2.0,GL_NUM_PROGRAM_BINARY_FORMATS,reported,covered,version-gated direct GL query; indexed query for work-group arrays where applicable,yes,parity
External public OpenGL ES capability reference,OpenGL ES 3.0,GL_MAX_3D_TEXTURE_SIZE,reported,covered,version-gated direct GL query; indexed query for work-group arrays where applicable,yes,parity
External public OpenGL ES capability reference,OpenGL ES 3.0,GL_MAX_ARRAY_TEXTURE_LAYERS,reported,covered,version-gated direct GL query; indexed query for work-group arrays where applicable,yes,parity
External public OpenGL ES capability reference,OpenGL ES 3.0,GL_MAX_COLOR_ATTACHMENTS,reported,covered,version-gated direct GL query; indexed query for work-group arrays where applicable,yes,parity
External public OpenGL ES capability reference,OpenGL ES 3.0,GL_MAX_COMBINED_FRAGMENT_UNIFORM_COMPONENTS,reported,covered,version-gated direct GL query; indexed query for work-group arrays where applicable,yes,parity
External public OpenGL ES capability reference,OpenGL ES 3.0,GL_MAX_COMBINED_TEXTURE_IMAGE_UNITS,reported,covered,version-gated direct GL query; indexed query for work-group arrays where applicable,yes,parity
External public OpenGL ES capability reference,OpenGL ES 3.0,GL_MAX_COMBINED_UNIFORM_BLOCKS,reported,covered,version-gated direct GL query; indexed query for work-group arrays where applicable,yes,parity
External public OpenGL ES capability reference,OpenGL ES 3.0,GL_MAX_COMBINED_VERTEX_UNIFORM_COMPONENTS,reported,covered,version-gated direct GL query; indexed query for work-group arrays where applicable,yes,parity
External public OpenGL ES capability reference,OpenGL ES 3.0,GL_MAX_CUBE_MAP_TEXTURE_SIZE,reported,covered,version-gated direct GL query; indexed query for work-group arrays where applicable,yes,parity
External public OpenGL ES capability reference,OpenGL ES 3.0,GL_MAX_DRAW_BUFFERS,reported,covered,version-gated direct GL query; indexed query for work-group arrays where applicable,yes,parity
External public OpenGL ES capability reference,OpenGL ES 3.0,GL_MAX_ELEMENT_INDEX,reported,covered,version-gated direct GL query; indexed query for work-group arrays where applicable,yes,parity
External public OpenGL ES capability reference,OpenGL ES 3.0,GL_MAX_ELEMENTS_INDICES,reported,covered,version-gated direct GL query; indexed query for work-group arrays where applicable,yes,parity
External public OpenGL ES capability reference,OpenGL ES 3.0,GL_MAX_ELEMENTS_VERTICES,reported,covered,version-gated direct GL query; indexed query for work-group arrays where applicable,yes,parity
External public OpenGL ES capability reference,OpenGL ES 3.0,GL_MAX_FRAGMENT_INPUT_COMPONENTS,reported,covered,version-gated direct GL query; indexed query for work-group arrays where applicable,yes,parity
External public OpenGL ES capability reference,OpenGL ES 3.0,GL_MAX_FRAGMENT_UNIFORM_BLOCKS,reported,covered,version-gated direct GL query; indexed query for work-group arrays where applicable,yes,parity
External public OpenGL ES capability reference,OpenGL ES 3.0,GL_MAX_FRAGMENT_UNIFORM_COMPONENTS,reported,covered,version-gated direct GL query; indexed query for work-group arrays where applicable,yes,parity
External public OpenGL ES capability reference,OpenGL ES 3.0,GL_MAX_FRAGMENT_UNIFORM_VECTORS,reported,covered,version-gated direct GL query; indexed query for work-group arrays where applicable,yes,parity
External public OpenGL ES capability reference,OpenGL ES 3.0,GL_MIN_PROGRAM_TEXEL_OFFSET,reported,covered,version-gated direct GL query; indexed query for work-group arrays where applicable,yes,parity
External public OpenGL ES capability reference,OpenGL ES 3.0,GL_MAX_PROGRAM_TEXEL_OFFSET,reported,covered,version-gated direct GL query; indexed query for work-group arrays where applicable,yes,parity
External public OpenGL ES capability reference,OpenGL ES 3.0,GL_MAX_RENDERBUFFER_SIZE,reported,covered,version-gated direct GL query; indexed query for work-group arrays where applicable,yes,parity
External public OpenGL ES capability reference,OpenGL ES 3.0,GL_MAX_SAMPLES,reported,covered,version-gated direct GL query; indexed query for work-group arrays where applicable,yes,parity
External public OpenGL ES capability reference,OpenGL ES 3.0,GL_MAX_SERVER_WAIT_TIMEOUT,reported,covered,version-gated direct GL query; indexed query for work-group arrays where applicable,yes,parity
External public OpenGL ES capability reference,OpenGL ES 3.0,GL_MAX_TEXTURE_IMAGE_UNITS,reported,covered,version-gated direct GL query; indexed query for work-group arrays where applicable,yes,parity
External public OpenGL ES capability reference,OpenGL ES 3.0,GL_MAX_TEXTURE_LOD_BIAS,reported,covered,version-gated direct GL query; indexed query for work-group arrays where applicable,yes,parity
External public OpenGL ES capability reference,OpenGL ES 3.0,GL_MAX_TEXTURE_SIZE,reported,covered,version-gated direct GL query; indexed query for work-group arrays where applicable,yes,parity
External public OpenGL ES capability reference,OpenGL ES 3.0,GL_MAX_TRANSFORM_FEEDBACK_INTERLEAVED_COMPONENTS,reported,covered,version-gated direct GL query; indexed query for work-group arrays where applicable,yes,parity
External public OpenGL ES capability reference,OpenGL ES 3.0,GL_MAX_TRANSFORM_FEEDBACK_SEPARATE_ATTRIBS,reported,covered,version-gated direct GL query; indexed query for work-group arrays where applicable,yes,parity
External public OpenGL ES capability reference,OpenGL ES 3.0,GL_MAX_TRANSFORM_FEEDBACK_SEPARATE_COMPONENTS,reported,covered,version-gated direct GL query; indexed query for work-group arrays where applicable,yes,parity
External public OpenGL ES capability reference,OpenGL ES 3.0,GL_MAX_UNIFORM_BLOCK_SIZE,reported,covered,version-gated direct GL query; indexed query for work-group arrays where applicable,yes,parity
External public OpenGL ES capability reference,OpenGL ES 3.0,GL_MAX_UNIFORM_BUFFER_BINDINGS,reported,covered,version-gated direct GL query; indexed query for work-group arrays where applicable,yes,parity
External public OpenGL ES capability reference,OpenGL ES 3.0,GL_MAX_VARYING_COMPONENTS,reported,covered,version-gated direct GL query; indexed query for work-group arrays where applicable,yes,parity
External public OpenGL ES capability reference,OpenGL ES 3.0,GL_MAX_VARYING_VECTORS,reported,covered,version-gated direct GL query; indexed query for work-group arrays where applicable,yes,parity
External public OpenGL ES capability reference,OpenGL ES 3.0,GL_MAX_VERTEX_ATTRIBS,reported,covered,version-gated direct GL query; indexed query for work-group arrays where applicable,yes,parity
External public OpenGL ES capability reference,OpenGL ES 3.0,GL_MAX_VERTEX_TEXTURE_IMAGE_UNITS,reported,covered,version-gated direct GL query; indexed query for work-group arrays where applicable,yes,parity
External public OpenGL ES capability reference,OpenGL ES 3.0,GL_MAX_VERTEX_OUTPUT_COMPONENTS,reported,covered,version-gated direct GL query; indexed query for work-group arrays where applicable,yes,parity
External public OpenGL ES capability reference,OpenGL ES 3.0,GL_MAX_VERTEX_UNIFORM_BLOCKS,reported,covered,version-gated direct GL query; indexed query for work-group arrays where applicable,yes,parity
External public OpenGL ES capability reference,OpenGL ES 3.0,GL_MAX_VERTEX_UNIFORM_COMPONENTS,reported,covered,version-gated direct GL query; indexed query for work-group arrays where applicable,yes,parity
External public OpenGL ES capability reference,OpenGL ES 3.0,GL_MAX_VERTEX_UNIFORM_VECTORS,reported,covered,version-gated direct GL query; indexed query for work-group arrays where applicable,yes,parity
External public OpenGL ES capability reference,OpenGL ES 3.0,GL_MAX_VIEWPORT_DIMS,reported,covered,version-gated direct GL query; indexed query for work-group arrays where applicable,yes,parity
External public OpenGL ES capability reference,OpenGL ES 3.1,GL_MAX_ATOMIC_COUNTER_BUFFER_BINDINGS,reported,covered,version-gated direct GL query; indexed query for work-group arrays where applicable,yes,parity
External public OpenGL ES capability reference,OpenGL ES 3.1,GL_MAX_ATOMIC_COUNTER_BUFFER_SIZE,reported,covered,version-gated direct GL query; indexed query for work-group arrays where applicable,yes,parity
External public OpenGL ES capability reference,OpenGL ES 3.1,GL_MAX_COLOR_TEXTURE_SAMPLES,reported,covered,version-gated direct GL query; indexed query for work-group arrays where applicable,yes,parity
External public OpenGL ES capability reference,OpenGL ES 3.1,GL_MAX_COMBINED_ATOMIC_COUNTERS,reported,covered,version-gated direct GL query; indexed query for work-group arrays where applicable,yes,parity
External public OpenGL ES capability reference,OpenGL ES 3.1,GL_MAX_COMBINED_ATOMIC_COUNTER_BUFFERS,reported,covered,version-gated direct GL query; indexed query for work-group arrays where applicable,yes,parity
External public OpenGL ES capability reference,OpenGL ES 3.1,GL_MAX_COMBINED_COMPUTE_UNIFORM_COMPONENTS,reported,covered,version-gated direct GL query; indexed query for work-group arrays where applicable,yes,parity
External public OpenGL ES capability reference,OpenGL ES 3.1,GL_MAX_COMBINED_IMAGE_UNIFORMS,reported,covered,version-gated direct GL query; indexed query for work-group arrays where applicable,yes,parity
External public OpenGL ES capability reference,OpenGL ES 3.1,GL_MAX_COMBINED_SHADER_OUTPUT_RESOURCES,reported,covered,version-gated direct GL query; indexed query for work-group arrays where applicable,yes,parity
External public OpenGL ES capability reference,OpenGL ES 3.1,GL_MAX_COMBINED_SHADER_STORAGE_BLOCKS,reported,covered,version-gated direct GL query; indexed query for work-group arrays where applicable,yes,parity
External public OpenGL ES capability reference,OpenGL ES 3.1,GL_MAX_COMPUTE_ATOMIC_COUNTERS,reported,covered,version-gated direct GL query; indexed query for work-group arrays where applicable,yes,parity
External public OpenGL ES capability reference,OpenGL ES 3.1,GL_MAX_COMPUTE_ATOMIC_COUNTER_BUFFERS,reported,covered,version-gated direct GL query; indexed query for work-group arrays where applicable,yes,parity
External public OpenGL ES capability reference,OpenGL ES 3.1,GL_MAX_COMPUTE_IMAGE_UNIFORMS,reported,covered,version-gated direct GL query; indexed query for work-group arrays where applicable,yes,parity
External public OpenGL ES capability reference,OpenGL ES 3.1,GL_MAX_COMPUTE_SHADER_STORAGE_BLOCKS,reported,covered,version-gated direct GL query; indexed query for work-group arrays where applicable,yes,parity
External public OpenGL ES capability reference,OpenGL ES 3.1,GL_MAX_COMPUTE_SHARED_MEMORY_SIZE,reported,covered,version-gated direct GL query; indexed query for work-group arrays where applicable,yes,parity
External public OpenGL ES capability reference,OpenGL ES 3.1,GL_MAX_COMPUTE_TEXTURE_IMAGE_UNITS,reported,covered,version-gated direct GL query; indexed query for work-group arrays where applicable,yes,parity
External public OpenGL ES capability reference,OpenGL ES 3.1,GL_MAX_COMPUTE_UNIFORM_BLOCKS,reported,covered,version-gated direct GL query; indexed query for work-group arrays where applicable,yes,parity
External public OpenGL ES capability reference,OpenGL ES 3.1,GL_MAX_COMPUTE_UNIFORM_COMPONENTS,reported,covered,version-gated direct GL query; indexed query for work-group arrays where applicable,yes,parity
External public OpenGL ES capability reference,OpenGL ES 3.1,GL_MAX_COMPUTE_WORK_GROUP_COUNT[0],reported,covered,version-gated direct GL query; indexed query for work-group arrays where applicable,yes,parity
External public OpenGL ES capability reference,OpenGL ES 3.1,GL_MAX_COMPUTE_WORK_GROUP_COUNT[1],reported,covered,version-gated direct GL query; indexed query for work-group arrays where applicable,yes,parity
External public OpenGL ES capability reference,OpenGL ES 3.1,GL_MAX_COMPUTE_WORK_GROUP_COUNT[2],reported,covered,version-gated direct GL query; indexed query for work-group arrays where applicable,yes,parity
External public OpenGL ES capability reference,OpenGL ES 3.1,GL_MAX_COMPUTE_WORK_GROUP_INVOCATIONS,reported,covered,version-gated direct GL query; indexed query for work-group arrays where applicable,yes,parity
External public OpenGL ES capability reference,OpenGL ES 3.1,GL_MAX_COMPUTE_WORK_GROUP_SIZE[0],reported,covered,version-gated direct GL query; indexed query for work-group arrays where applicable,yes,parity
External public OpenGL ES capability reference,OpenGL ES 3.1,GL_MAX_COMPUTE_WORK_GROUP_SIZE[1],reported,covered,version-gated direct GL query; indexed query for work-group arrays where applicable,yes,parity
External public OpenGL ES capability reference,OpenGL ES 3.1,GL_MAX_COMPUTE_WORK_GROUP_SIZE[2],reported,covered,version-gated direct GL query; indexed query for work-group arrays where applicable,yes,parity
External public OpenGL ES capability reference,OpenGL ES 3.1,GL_MAX_DEPTH_TEXTURE_SAMPLES,reported,covered,version-gated direct GL query; indexed query for work-group arrays where applicable,yes,parity
External public OpenGL ES capability reference,OpenGL ES 3.1,GL_MAX_FRAGMENT_ATOMIC_COUNTERS,reported,covered,version-gated direct GL query; indexed query for work-group arrays where applicable,yes,parity
External public OpenGL ES capability reference,OpenGL ES 3.1,GL_MAX_FRAGMENT_ATOMIC_COUNTER_BUFFERS,reported,covered,version-gated direct GL query; indexed query for work-group arrays where applicable,yes,parity
External public OpenGL ES capability reference,OpenGL ES 3.1,GL_MAX_FRAGMENT_IMAGE_UNIFORMS,reported,covered,version-gated direct GL query; indexed query for work-group arrays where applicable,yes,parity
External public OpenGL ES capability reference,OpenGL ES 3.1,GL_MAX_FRAGMENT_SHADER_STORAGE_BLOCKS,reported,covered,version-gated direct GL query; indexed query for work-group arrays where applicable,yes,parity
External public OpenGL ES capability reference,OpenGL ES 3.1,GL_MAX_FRAMEBUFFER_HEIGHT,reported,covered,version-gated direct GL query; indexed query for work-group arrays where applicable,yes,parity
External public OpenGL ES capability reference,OpenGL ES 3.1,GL_MAX_FRAMEBUFFER_SAMPLES,reported,covered,version-gated direct GL query; indexed query for work-group arrays where applicable,yes,parity
External public OpenGL ES capability reference,OpenGL ES 3.1,GL_MAX_FRAMEBUFFER_WIDTH,reported,covered,version-gated direct GL query; indexed query for work-group arrays where applicable,yes,parity
External public OpenGL ES capability reference,OpenGL ES 3.1,GL_MAX_IMAGE_UNITS,reported,covered,version-gated direct GL query; indexed query for work-group arrays where applicable,yes,parity
External public OpenGL ES capability reference,OpenGL ES 3.1,GL_MAX_INTEGER_SAMPLES,reported,covered,version-gated direct GL query; indexed query for work-group arrays where applicable,yes,parity
External public OpenGL ES capability reference,OpenGL ES 3.1,GL_MIN_PROGRAM_TEXTURE_GATHER_OFFSET,reported,covered,version-gated direct GL query; indexed query for work-group arrays where applicable,yes,parity
External public OpenGL ES capability reference,OpenGL ES 3.1,GL_MAX_PROGRAM_TEXTURE_GATHER_OFFSET,reported,covered,version-gated direct GL query; indexed query for work-group arrays where applicable,yes,parity
External public OpenGL ES capability reference,OpenGL ES 3.1,GL_MAX_SAMPLE_MASK_WORDS,reported,covered,version-gated direct GL query; indexed query for work-group arrays where applicable,yes,parity
External public OpenGL ES capability reference,OpenGL ES 3.1,GL_MAX_SHADER_STORAGE_BLOCK_SIZE,reported,covered,version-gated direct GL query; indexed query for work-group arrays where applicable,yes,parity
External public OpenGL ES capability reference,OpenGL ES 3.1,GL_MAX_SHADER_STORAGE_BUFFER_BINDINGS,reported,covered,version-gated direct GL query; indexed query for work-group arrays where applicable,yes,parity
External public OpenGL ES capability reference,OpenGL ES 3.1,GL_MAX_UNIFORM_LOCATIONS,reported,covered,version-gated direct GL query; indexed query for work-group arrays where applicable,yes,parity
External public OpenGL ES capability reference,OpenGL ES 3.1,GL_MAX_VERTEX_ATOMIC_COUNTERS,reported,covered,version-gated direct GL query; indexed query for work-group arrays where applicable,yes,parity
External public OpenGL ES capability reference,OpenGL ES 3.1,GL_MAX_VERTEX_ATOMIC_COUNTER_BUFFERS,reported,covered,version-gated direct GL query; indexed query for work-group arrays where applicable,yes,parity
External public OpenGL ES capability reference,OpenGL ES 3.1,GL_MAX_VERTEX_ATTRIB_BINDINGS,reported,covered,version-gated direct GL query; indexed query for work-group arrays where applicable,yes,parity
External public OpenGL ES capability reference,OpenGL ES 3.1,GL_MAX_VERTEX_ATTRIB_RELATIVE_OFFSET,reported,covered,version-gated direct GL query; indexed query for work-group arrays where applicable,yes,parity
External public OpenGL ES capability reference,OpenGL ES 3.1,GL_MAX_VERTEX_ATTRIB_STRIDE,reported,covered,version-gated direct GL query; indexed query for work-group arrays where applicable,yes,parity
External public OpenGL ES capability reference,OpenGL ES 3.1,GL_MAX_VERTEX_IMAGE_UNIFORMS,reported,covered,version-gated direct GL query; indexed query for work-group arrays where applicable,yes,parity
External public OpenGL ES capability reference,OpenGL ES 3.1,GL_MAX_VERTEX_SHADER_STORAGE_BLOCKS,reported,covered,version-gated direct GL query; indexed query for work-group arrays where applicable,yes,parity
External public OpenGL ES capability reference,OpenGL ES 3.2,GL_MIN_SAMPLE_SHADING_VALUE,reported,covered,version-gated direct GL query; indexed query for work-group arrays where applicable,yes,parity
External public OpenGL ES capability reference,OpenGL ES 3.2,GL_MAX_COMBINED_GEOMETRY_UNIFORM_COMPONENTS,reported,covered,version-gated direct GL query; indexed query for work-group arrays where applicable,yes,parity
External public OpenGL ES capability reference,OpenGL ES 3.2,GL_MAX_COMBINED_TESS_CONTROL_UNIFORM_COMPONENTS,reported,covered,version-gated direct GL query; indexed query for work-group arrays where applicable,yes,parity
External public OpenGL ES capability reference,OpenGL ES 3.2,GL_MAX_COMBINED_TESS_EVALUATION_UNIFORM_COMPONENTS,reported,covered,version-gated direct GL query; indexed query for work-group arrays where applicable,yes,parity
External public OpenGL ES capability reference,OpenGL ES 3.2,GL_MAX_DEBUG_GROUP_STACK_DEPTH,reported,covered,version-gated direct GL query; indexed query for work-group arrays where applicable,yes,parity
External public OpenGL ES capability reference,OpenGL ES 3.2,GL_MAX_DEBUG_LOGGED_MESSAGES,reported,covered,version-gated direct GL query; indexed query for work-group arrays where applicable,yes,parity
External public OpenGL ES capability reference,OpenGL ES 3.2,GL_MAX_DEBUG_MESSAGE_LENGTH,reported,covered,version-gated direct GL query; indexed query for work-group arrays where applicable,yes,parity
External public OpenGL ES capability reference,OpenGL ES 3.2,GL_MIN_FRAGMENT_INTERPOLATION_OFFSET,reported,covered,version-gated direct GL query; indexed query for work-group arrays where applicable,yes,parity
External public OpenGL ES capability reference,OpenGL ES 3.2,GL_MAX_FRAGMENT_INTERPOLATION_OFFSET,reported,covered,version-gated direct GL query; indexed query for work-group arrays where applicable,yes,parity
External public OpenGL ES capability reference,OpenGL ES 3.2,GL_MAX_FRAMEBUFFER_LAYERS,reported,covered,version-gated direct GL query; indexed query for work-group arrays where applicable,yes,parity
External public OpenGL ES capability reference,OpenGL ES 3.2,GL_MAX_GEOMETRY_ATOMIC_COUNTERS,reported,covered,version-gated direct GL query; indexed query for work-group arrays where applicable,yes,parity
External public OpenGL ES capability reference,OpenGL ES 3.2,GL_MAX_GEOMETRY_ATOMIC_COUNTER_BUFFERS,reported,covered,version-gated direct GL query; indexed query for work-group arrays where applicable,yes,parity
External public OpenGL ES capability reference,OpenGL ES 3.2,GL_MAX_GEOMETRY_IMAGE_UNIFORMS,reported,covered,version-gated direct GL query; indexed query for work-group arrays where applicable,yes,parity
External public OpenGL ES capability reference,OpenGL ES 3.2,GL_MAX_GEOMETRY_INPUT_COMPONENTS,reported,covered,version-gated direct GL query; indexed query for work-group arrays where applicable,yes,parity
External public OpenGL ES capability reference,OpenGL ES 3.2,GL_MAX_GEOMETRY_OUTPUT_COMPONENTS,reported,covered,version-gated direct GL query; indexed query for work-group arrays where applicable,yes,parity
External public OpenGL ES capability reference,OpenGL ES 3.2,GL_MAX_GEOMETRY_OUTPUT_VERTICES,reported,covered,version-gated direct GL query; indexed query for work-group arrays where applicable,yes,parity
External public OpenGL ES capability reference,OpenGL ES 3.2,GL_MAX_GEOMETRY_SHADER_INVOCATIONS,reported,covered,version-gated direct GL query; indexed query for work-group arrays where applicable,yes,parity
External public OpenGL ES capability reference,OpenGL ES 3.2,GL_MAX_GEOMETRY_SHADER_STORAGE_BLOCKS,reported,covered,version-gated direct GL query; indexed query for work-group arrays where applicable,yes,parity
External public OpenGL ES capability reference,OpenGL ES 3.2,GL_MAX_GEOMETRY_TEXTURE_IMAGE_UNITS,reported,covered,version-gated direct GL query; indexed query for work-group arrays where applicable,yes,parity
External public OpenGL ES capability reference,OpenGL ES 3.2,GL_MAX_GEOMETRY_TOTAL_OUTPUT_COMPONENTS,reported,covered,version-gated direct GL query; indexed query for work-group arrays where applicable,yes,parity
External public OpenGL ES capability reference,OpenGL ES 3.2,GL_MAX_GEOMETRY_UNIFORM_BLOCKS,reported,covered,version-gated direct GL query; indexed query for work-group arrays where applicable,yes,parity
External public OpenGL ES capability reference,OpenGL ES 3.2,GL_MAX_GEOMETRY_UNIFORM_COMPONENTS,reported,covered,version-gated direct GL query; indexed query for work-group arrays where applicable,yes,parity
External public OpenGL ES capability reference,OpenGL ES 3.2,GL_MAX_LABEL_LENGTH,reported,covered,version-gated direct GL query; indexed query for work-group arrays where applicable,yes,parity
External public OpenGL ES capability reference,OpenGL ES 3.2,GL_MAX_PATCH_VERTICES,reported,covered,version-gated direct GL query; indexed query for work-group arrays where applicable,yes,parity
External public OpenGL ES capability reference,OpenGL ES 3.2,GL_MAX_TESS_CONTROL_ATOMIC_COUNTERS,reported,covered,version-gated direct GL query; indexed query for work-group arrays where applicable,yes,parity
External public OpenGL ES capability reference,OpenGL ES 3.2,GL_MAX_TESS_CONTROL_ATOMIC_COUNTER_BUFFERS,reported,covered,version-gated direct GL query; indexed query for work-group arrays where applicable,yes,parity
External public OpenGL ES capability reference,OpenGL ES 3.2,GL_MAX_TESS_CONTROL_IMAGE_UNIFORMS,reported,covered,version-gated direct GL query; indexed query for work-group arrays where applicable,yes,parity
External public OpenGL ES capability reference,OpenGL ES 3.2,GL_MAX_TESS_CONTROL_INPUT_COMPONENTS,reported,covered,version-gated direct GL query; indexed query for work-group arrays where applicable,yes,parity
External public OpenGL ES capability reference,OpenGL ES 3.2,GL_MAX_TESS_CONTROL_OUTPUT_COMPONENTS,reported,covered,version-gated direct GL query; indexed query for work-group arrays where applicable,yes,parity
External public OpenGL ES capability reference,OpenGL ES 3.2,GL_MAX_TESS_CONTROL_SHADER_STORAGE_BLOCKS,reported,covered,version-gated direct GL query; indexed query for work-group arrays where applicable,yes,parity
External public OpenGL ES capability reference,OpenGL ES 3.2,GL_MAX_TESS_CONTROL_TEXTURE_IMAGE_UNITS,reported,covered,version-gated direct GL query; indexed query for work-group arrays where applicable,yes,parity
External public OpenGL ES capability reference,OpenGL ES 3.2,GL_MAX_TESS_CONTROL_TOTAL_OUTPUT_COMPONENTS,reported,covered,version-gated direct GL query; indexed query for work-group arrays where applicable,yes,parity
External public OpenGL ES capability reference,OpenGL ES 3.2,GL_MAX_TESS_CONTROL_UNIFORM_BLOCKS,reported,covered,version-gated direct GL query; indexed query for work-group arrays where applicable,yes,parity
External public OpenGL ES capability reference,OpenGL ES 3.2,GL_MAX_TESS_CONTROL_UNIFORM_COMPONENTS,reported,covered,version-gated direct GL query; indexed query for work-group arrays where applicable,yes,parity
External public OpenGL ES capability reference,OpenGL ES 3.2,GL_MAX_TESS_EVALUATION_ATOMIC_COUNTERS,reported,covered,version-gated direct GL query; indexed query for work-group arrays where applicable,yes,parity
External public OpenGL ES capability reference,OpenGL ES 3.2,GL_MAX_TESS_EVALUATION_ATOMIC_COUNTER_BUFFERS,reported,covered,version-gated direct GL query; indexed query for work-group arrays where applicable,yes,parity
External public OpenGL ES capability reference,OpenGL ES 3.2,GL_MAX_TESS_EVALUATION_IMAGE_UNIFORMS,reported,covered,version-gated direct GL query; indexed query for work-group arrays where applicable,yes,parity
External public OpenGL ES capability reference,OpenGL ES 3.2,GL_MAX_TESS_EVALUATION_INPUT_COMPONENTS,reported,covered,version-gated direct GL query; indexed query for work-group arrays where applicable,yes,parity
External public OpenGL ES capability reference,OpenGL ES 3.2,GL_MAX_TESS_EVALUATION_OUTPUT_COMPONENTS,reported,covered,version-gated direct GL query; indexed query for work-group arrays where applicable,yes,parity
External public OpenGL ES capability reference,OpenGL ES 3.2,GL_MAX_TESS_EVALUATION_SHADER_STORAGE_BLOCKS,reported,covered,version-gated direct GL query; indexed query for work-group arrays where applicable,yes,parity
External public OpenGL ES capability reference,OpenGL ES 3.2,GL_MAX_TESS_EVALUATION_TEXTURE_IMAGE_UNITS,reported,covered,version-gated direct GL query; indexed query for work-group arrays where applicable,yes,parity
External public OpenGL ES capability reference,OpenGL ES 3.2,GL_MAX_TESS_EVALUATION_UNIFORM_BLOCKS,reported,covered,version-gated direct GL query; indexed query for work-group arrays where applicable,yes,parity
External public OpenGL ES capability reference,OpenGL ES 3.2,GL_MAX_TESS_EVALUATION_UNIFORM_COMPONENTS,reported,covered,version-gated direct GL query; indexed query for work-group arrays where applicable,yes,parity
External public OpenGL ES capability reference,OpenGL ES 3.2,GL_MAX_TESS_GEN_LEVEL,reported,covered,version-gated direct GL query; indexed query for work-group arrays where applicable,yes,parity
External public OpenGL ES capability reference,OpenGL ES 3.2,GL_MAX_TESS_PATCH_COMPONENTS,reported,covered,version-gated direct GL query; indexed query for work-group arrays where applicable,yes,parity
External public OpenGL ES capability reference,OpenGL ES 3.2,GL_MAX_TEXTURE_BUFFER_SIZE,reported,covered,version-gated direct GL query; indexed query for work-group arrays where applicable,yes,parity
OpenGLESScope additional query,Core/extension additional,GL_ALIASED_LINE_WIDTH_RANGE,not in public capability floor,covered,direct core query or exact-extension-gated query,yes,OpenGLESScope extra
OpenGLESScope additional query,Core/extension additional,GL_ALIASED_POINT_SIZE_RANGE,not in public capability floor,covered,direct core query or exact-extension-gated query,yes,OpenGLESScope extra
OpenGLESScope additional query,Core/extension additional,GL_CONTEXT_FLAGS,not in public capability floor,covered,direct core query or exact-extension-gated query,yes,OpenGLESScope extra
OpenGLESScope additional query,Core/extension additional,GL_FRAGMENT_INTERPOLATION_OFFSET_BITS,not in public capability floor,covered,direct core query or exact-extension-gated query,yes,OpenGLESScope extra
OpenGLESScope additional query,Core/extension additional,GL_IMPLEMENTATION_COLOR_READ_FORMAT,not in public capability floor,covered,direct core query or exact-extension-gated query,yes,OpenGLESScope extra
OpenGLESScope additional query,Core/extension additional,GL_IMPLEMENTATION_COLOR_READ_TYPE,not in public capability floor,covered,direct core query or exact-extension-gated query,yes,OpenGLESScope extra
OpenGLESScope additional query,Core/extension additional,GL_LAYER_PROVOKING_VERTEX,not in public capability floor,covered,direct core query or exact-extension-gated query,yes,OpenGLESScope extra
OpenGLESScope additional query,Core/extension additional,GL_MAX_CLIP_DISTANCES_EXT,not in public capability floor,covered,direct core query or exact-extension-gated query,yes,OpenGLESScope extra
OpenGLESScope additional query,Core/extension additional,GL_MAX_COLOR_ATTACHMENTS_EXT,not in public capability floor,covered,direct core query or exact-extension-gated query,yes,OpenGLESScope extra
OpenGLESScope additional query,Core/extension additional,GL_MAX_COMBINED_CLIP_AND_CULL_DISTANCES_EXT,not in public capability floor,covered,direct core query or exact-extension-gated query,yes,OpenGLESScope extra
OpenGLESScope additional query,Core/extension additional,GL_MAX_CULL_DISTANCES_EXT,not in public capability floor,covered,direct core query or exact-extension-gated query,yes,OpenGLESScope extra
OpenGLESScope additional query,Core/extension additional,GL_MAX_DRAW_BUFFERS_EXT,not in public capability floor,covered,direct core query or exact-extension-gated query,yes,OpenGLESScope extra
OpenGLESScope additional query,Core/extension additional,GL_MAX_DRAW_BUFFERS_NV,not in public capability floor,covered,direct core query or exact-extension-gated query,yes,OpenGLESScope extra
OpenGLESScope additional query,Core/extension additional,GL_MAX_DUAL_SOURCE_DRAW_BUFFERS_EXT,not in public capability floor,covered,direct core query or exact-extension-gated query,yes,OpenGLESScope extra
OpenGLESScope additional query,Core/extension additional,GL_MAX_MULTIVIEW_BUFFERS_EXT,not in public capability floor,covered,direct core query or exact-extension-gated query,yes,OpenGLESScope extra
OpenGLESScope additional query,Core/extension additional,GL_MAX_SAMPLES_EXT,not in public capability floor,covered,direct core query or exact-extension-gated query,yes,OpenGLESScope extra
OpenGLESScope additional query,Core/extension additional,GL_MAX_SAMPLES_IMG,not in public capability floor,covered,direct core query or exact-extension-gated query,yes,OpenGLESScope extra
OpenGLESScope additional query,Core/extension additional,GL_MAX_SAMPLES_NV,not in public capability floor,covered,direct core query or exact-extension-gated query,yes,OpenGLESScope extra
OpenGLESScope additional query,Core/extension additional,GL_MAX_TEXTURE_BUFFER_SIZE_EXT,not in public capability floor,covered,direct core query or exact-extension-gated query,yes,OpenGLESScope extra
OpenGLESScope additional query,Core/extension additional,GL_MAX_TEXTURE_MAX_ANISOTROPY_EXT,not in public capability floor,covered,direct core query or exact-extension-gated query,yes,OpenGLESScope extra
OpenGLESScope additional query,Core/extension additional,GL_MAX_VIEWS_OVR,not in public capability floor,covered,direct core query or exact-extension-gated query,yes,OpenGLESScope extra
OpenGLESScope additional query,Core/extension additional,GL_MULTISAMPLE_LINE_WIDTH_GRANULARITY,not in public capability floor,covered,direct core query or exact-extension-gated query,yes,OpenGLESScope extra
OpenGLESScope additional query,Core/extension additional,GL_MULTISAMPLE_LINE_WIDTH_RANGE,not in public capability floor,covered,direct core query or exact-extension-gated query,yes,OpenGLESScope extra
OpenGLESScope additional query,Core/extension additional,GL_NUM_EXTENSIONS,not in public capability floor,covered,direct core query or exact-extension-gated query,yes,OpenGLESScope extra
OpenGLESScope additional query,Core/extension additional,GL_PRIMITIVE_RESTART_FOR_PATCHES_SUPPORTED,not in public capability floor,covered,direct core query or exact-extension-gated query,yes,OpenGLESScope extra
OpenGLESScope additional query,Core/extension additional,GL_SHADER_COMPILER,not in public capability floor,covered,direct core query or exact-extension-gated query,yes,OpenGLESScope extra
OpenGLESScope additional query,Core/extension additional,GL_SHADER_STORAGE_BUFFER_OFFSET_ALIGNMENT,not in public capability floor,covered,direct core query or exact-extension-gated query,yes,OpenGLESScope extra
OpenGLESScope additional query,Core/extension additional,GL_SUBPIXEL_BITS,not in public capability floor,covered,direct core query or exact-extension-gated query,yes,OpenGLESScope extra
OpenGLESScope additional query,Core/extension additional,GL_TEXTURE_BUFFER_OFFSET_ALIGNMENT,not in public capability floor,covered,direct core query or exact-extension-gated query,yes,OpenGLESScope extra
OpenGLESScope additional query,Core/extension additional,GL_TEXTURE_BUFFER_OFFSET_ALIGNMENT_EXT,not in public capability floor,covered,direct core query or exact-extension-gated query,yes,OpenGLESScope extra
OpenGLESScope additional query,Core/extension additional,GL_UNIFORM_BUFFER_OFFSET_ALIGNMENT,not in public capability floor,covered,direct core query or exact-extension-gated query,yes,OpenGLESScope extra
OpenGLESScope additional query,Extension additional,GL_SUBGROUP_SIZE_KHR,not in public capability floor,covered,exact-extension-gated direct GL query,yes,OpenGLESScope extra
OpenGLESScope additional query,Extension additional,GL_SUBGROUP_SUPPORTED_STAGES_KHR,not in public capability floor,covered,exact-extension-gated direct GL query,yes,OpenGLESScope extra
OpenGLESScope additional query,Extension additional,GL_SUBGROUP_SUPPORTED_FEATURES_KHR,not in public capability floor,covered,exact-extension-gated direct GL query,yes,OpenGLESScope extra
OpenGLESScope additional query,Extension additional,GL_SUBGROUP_QUAD_ALL_STAGES_KHR,not in public capability floor,covered,exact-extension-gated direct GL query,yes,OpenGLESScope extra
OpenGLESScope additional query,Extension additional,GL_MAX_WINDOW_RECTANGLES_EXT,not in public capability floor,covered,exact-extension-gated direct GL query,yes,OpenGLESScope extra
OpenGLESScope additional query,Extension additional,GL_MAX_VIEWPORTS_OES,not in public capability floor,covered,exact-extension-gated direct GL query,yes,OpenGLESScope extra
OpenGLESScope additional query,Extension additional,GL_VIEWPORT_SUBPIXEL_BITS_OES,not in public capability floor,covered,exact-extension-gated direct GL query,yes,OpenGLESScope extra
OpenGLESScope additional query,Extension additional,GL_VIEWPORT_BOUNDS_RANGE_OES,not in public capability floor,covered,exact-extension-gated direct GL query,yes,OpenGLESScope extra
OpenGLESScope additional query,Extension additional,GL_VIEWPORT_INDEX_PROVOKING_VERTEX_OES,not in public capability floor,covered,exact-extension-gated direct GL query,yes,OpenGLESScope extra
OpenGLESScope additional query,Extension additional,GL_MAX_SHADER_PIXEL_LOCAL_STORAGE_FAST_SIZE_EXT,not in public capability floor,covered,exact-extension-gated direct GL query,yes,OpenGLESScope extra
OpenGLESScope additional query,Extension additional,GL_MAX_SHADER_PIXEL_LOCAL_STORAGE_SIZE_EXT,not in public capability floor,covered,exact-extension-gated direct GL query,yes,OpenGLESScope extra
OpenGLESScope additional query,Extension additional,GL_MAX_SHADER_COMBINED_LOCAL_STORAGE_FAST_SIZE_EXT,not in public capability floor,covered,exact-extension-gated direct GL query,yes,OpenGLESScope extra
OpenGLESScope additional query,Extension additional,GL_MAX_SHADER_COMBINED_LOCAL_STORAGE_SIZE_EXT,not in public capability floor,covered,exact-extension-gated direct GL query,yes,OpenGLESScope extra
OpenGLESScope additional query,Extension additional,GL_MIN_SAMPLE_SHADING_VALUE_OES,not in public capability floor,covered,exact-extension-gated direct GL query,yes,OpenGLESScope extra
OpenGLESScope additional query,Extension additional,GL_MAX_SPARSE_TEXTURE_SIZE_EXT,not in public capability floor,covered,exact-extension-gated direct GL query,yes,OpenGLESScope extra
OpenGLESScope additional query,Extension additional,GL_MAX_SPARSE_3D_TEXTURE_SIZE_EXT,not in public capability floor,covered,exact-extension-gated direct GL query,yes,OpenGLESScope extra
OpenGLESScope additional query,Extension additional,GL_MAX_SPARSE_ARRAY_TEXTURE_LAYERS_EXT,not in public capability floor,covered,exact-extension-gated direct GL query,yes,OpenGLESScope extra
OpenGLESScope additional query,Extension additional,GL_SPARSE_TEXTURE_FULL_ARRAY_CUBE_MIPMAPS_EXT,not in public capability floor,covered,exact-extension-gated direct GL query,yes,OpenGLESScope extra
OpenGLESScope additional query,Core additional,GL_ALPHA_BITS,not in original public capability floor,covered,direct core query,yes,OpenGLESScope extra
OpenGLESScope additional query,Core additional,GL_BLUE_BITS,not in original public capability floor,covered,direct core query,yes,OpenGLESScope extra
OpenGLESScope additional query,Core additional,GL_DEPTH_BITS,not in original public capability floor,covered,direct core query,yes,OpenGLESScope extra
OpenGLESScope additional query,Extension additional,GL_FRAGMENT_SHADING_RATE_ATTACHMENT_WITH_DEFAULT_FRAMEBUFFER_SUPPORTED_EXT,not in original public capability floor,covered,exact-extension-gated registry/spec-backed query,yes,OpenGLESScope extra
OpenGLESScope additional query,Extension additional,GL_FRAGMENT_SHADING_RATE_NON_TRIVIAL_COMBINERS_SUPPORTED_EXT,not in original public capability floor,covered,exact-extension-gated registry/spec-backed query,yes,OpenGLESScope extra
OpenGLESScope additional query,Extension additional,GL_FRAGMENT_SHADING_RATE_WITH_SAMPLE_MASK_SUPPORTED_EXT,not in original public capability floor,covered,exact-extension-gated registry/spec-backed query,yes,OpenGLESScope extra
OpenGLESScope additional query,Extension additional,GL_FRAGMENT_SHADING_RATE_WITH_SHADER_DEPTH_STENCIL_WRITES_SUPPORTED_EXT,not in original public capability floor,covered,exact-extension-gated registry/spec-backed query,yes,OpenGLESScope extra
OpenGLESScope additional query,Core additional,GL_GREEN_BITS,not in original public capability floor,covered,direct core query,yes,OpenGLESScope extra
OpenGLESScope additional query,Extension additional,GL_MAX_COMBINED_MESH_UNIFORM_COMPONENTS_EXT,not in original public capability floor,covered,exact-extension-gated registry/spec-backed query,yes,OpenGLESScope extra
OpenGLESScope additional query,Extension additional,GL_MAX_COMBINED_TASK_UNIFORM_COMPONENTS_EXT,not in original public capability floor,covered,exact-extension-gated registry/spec-backed query,yes,OpenGLESScope extra
OpenGLESScope additional query,Extension additional,GL_MAX_FRAGMENT_SHADING_RATE_ATTACHMENT_LAYERS_EXT,not in original public capability floor,covered,exact-extension-gated registry/spec-backed query,yes,OpenGLESScope extra
OpenGLESScope additional query,Extension additional,GL_MAX_FRAGMENT_SHADING_RATE_ATTACHMENT_TEXEL_ASPECT_RATIO_EXT,not in original public capability floor,covered,exact-extension-gated registry/spec-backed query,yes,OpenGLESScope extra
OpenGLESScope additional query,Extension additional,GL_MAX_FRAGMENT_SHADING_RATE_ATTACHMENT_TEXEL_HEIGHT_EXT,not in original public capability floor,covered,exact-extension-gated registry/spec-backed query,yes,OpenGLESScope extra
OpenGLESScope additional query,Extension additional,GL_MAX_FRAGMENT_SHADING_RATE_ATTACHMENT_TEXEL_WIDTH_EXT,not in original public capability floor,covered,exact-extension-gated registry/spec-backed query,yes,OpenGLESScope extra
OpenGLESScope additional query,Extension additional,GL_MAX_MESH_ATOMIC_COUNTERS_EXT,not in original public capability floor,covered,exact-extension-gated registry/spec-backed query,yes,OpenGLESScope extra
OpenGLESScope additional query,Extension additional,GL_MAX_MESH_ATOMIC_COUNTER_BUFFERS_EXT,not in original public capability floor,covered,exact-extension-gated registry/spec-backed query,yes,OpenGLESScope extra
OpenGLESScope additional query,Extension additional,GL_MAX_MESH_IMAGE_UNIFORMS_EXT,not in original public capability floor,covered,exact-extension-gated registry/spec-backed query,yes,OpenGLESScope extra
OpenGLESScope additional query,Extension additional,GL_MAX_MESH_MULTIVIEW_VIEW_COUNT_EXT,not in original public capability floor,covered,exact-extension-gated registry/spec-backed query,yes,OpenGLESScope extra
OpenGLESScope additional query,Extension additional,GL_MAX_MESH_OUTPUT_COMPONENTS_EXT,not in original public capability floor,covered,exact-extension-gated registry/spec-backed query,yes,OpenGLESScope extra
OpenGLESScope additional query,Extension additional,GL_MAX_MESH_OUTPUT_LAYERS_EXT,not in original public capability floor,covered,exact-extension-gated registry/spec-backed query,yes,OpenGLESScope extra
OpenGLESScope additional query,Extension additional,GL_MAX_MESH_OUTPUT_MEMORY_SIZE_EXT,not in original public capability floor,covered,exact-extension-gated registry/spec-backed query,yes,OpenGLESScope extra
OpenGLESScope additional query,Extension additional,GL_MAX_MESH_OUTPUT_PRIMITIVES_EXT,not in original public capability floor,covered,exact-extension-gated registry/spec-backed query,yes,OpenGLESScope extra
OpenGLESScope additional query,Extension additional,GL_MAX_MESH_OUTPUT_VERTICES_EXT,not in original public capability floor,covered,exact-extension-gated registry/spec-backed query,yes,OpenGLESScope extra
OpenGLESScope additional query,Extension additional,GL_MAX_MESH_PAYLOAD_AND_OUTPUT_MEMORY_SIZE_EXT,not in original public capability floor,covered,exact-extension-gated registry/spec-backed query,yes,OpenGLESScope extra
OpenGLESScope additional query,Extension additional,GL_MAX_MESH_PAYLOAD_AND_SHARED_MEMORY_SIZE_EXT,not in original public capability floor,covered,exact-extension-gated registry/spec-backed query,yes,OpenGLESScope extra
OpenGLESScope additional query,Extension additional,GL_MAX_MESH_SHADER_STORAGE_BLOCKS_EXT,not in original public capability floor,covered,exact-extension-gated registry/spec-backed query,yes,OpenGLESScope extra
OpenGLESScope additional query,Extension additional,GL_MAX_MESH_SHARED_MEMORY_SIZE_EXT,not in original public capability floor,covered,exact-extension-gated registry/spec-backed query,yes,OpenGLESScope extra
OpenGLESScope additional query,Extension additional,GL_MAX_MESH_TEXTURE_IMAGE_UNITS_EXT,not in original public capability floor,covered,exact-extension-gated registry/spec-backed query,yes,OpenGLESScope extra
OpenGLESScope additional query,Extension additional,GL_MAX_MESH_UNIFORM_BLOCKS_EXT,not in original public capability floor,covered,exact-extension-gated registry/spec-backed query,yes,OpenGLESScope extra
OpenGLESScope additional query,Extension additional,GL_MAX_MESH_UNIFORM_COMPONENTS_EXT,not in original public capability floor,covered,exact-extension-gated registry/spec-backed query,yes,OpenGLESScope extra
OpenGLESScope additional query,Extension additional,GL_MAX_MESH_WORK_GROUP_COUNT_EXT,not in original public capability floor,covered,exact-extension-gated registry/spec-backed query,yes,OpenGLESScope extra
OpenGLESScope additional query,Extension additional,GL_MAX_MESH_WORK_GROUP_INVOCATIONS_EXT,not in original public capability floor,covered,exact-extension-gated registry/spec-backed query,yes,OpenGLESScope extra
OpenGLESScope additional query,Extension additional,GL_MAX_MESH_WORK_GROUP_SIZE_EXT,not in original public capability floor,covered,exact-extension-gated registry/spec-backed query,yes,OpenGLESScope extra
OpenGLESScope additional query,Extension additional,GL_MAX_MESH_WORK_GROUP_TOTAL_COUNT_EXT,not in original public capability floor,covered,exact-extension-gated registry/spec-backed query,yes,OpenGLESScope extra
OpenGLESScope additional query,Extension additional,GL_MAX_PREFERRED_MESH_WORK_GROUP_INVOCATIONS_EXT,not in original public capability floor,covered,exact-extension-gated registry/spec-backed query,yes,OpenGLESScope extra
OpenGLESScope additional query,Extension additional,GL_MAX_PREFERRED_TASK_WORK_GROUP_INVOCATIONS_EXT,not in original public capability floor,covered,exact-extension-gated registry/spec-backed query,yes,OpenGLESScope extra
OpenGLESScope additional query,Extension additional,GL_MAX_TASK_ATOMIC_COUNTERS_EXT,not in original public capability floor,covered,exact-extension-gated registry/spec-backed query,yes,OpenGLESScope extra
OpenGLESScope additional query,Extension additional,GL_MAX_TASK_ATOMIC_COUNTER_BUFFERS_EXT,not in original public capability floor,covered,exact-extension-gated registry/spec-backed query,yes,OpenGLESScope extra
OpenGLESScope additional query,Extension additional,GL_MAX_TASK_IMAGE_UNIFORMS_EXT,not in original public capability floor,covered,exact-extension-gated registry/spec-backed query,yes,OpenGLESScope extra
OpenGLESScope additional query,Extension additional,GL_MAX_TASK_PAYLOAD_AND_SHARED_MEMORY_SIZE_EXT,not in original public capability floor,covered,exact-extension-gated registry/spec-backed query,yes,OpenGLESScope extra
OpenGLESScope additional query,Extension additional,GL_MAX_TASK_PAYLOAD_SIZE_EXT,not in original public capability floor,covered,exact-extension-gated registry/spec-backed query,yes,OpenGLESScope extra
OpenGLESScope additional query,Extension additional,GL_MAX_TASK_SHADER_STORAGE_BLOCKS_EXT,not in original public capability floor,covered,exact-extension-gated registry/spec-backed query,yes,OpenGLESScope extra
OpenGLESScope additional query,Extension additional,GL_MAX_TASK_SHARED_MEMORY_SIZE_EXT,not in original public capability floor,covered,exact-extension-gated registry/spec-backed query,yes,OpenGLESScope extra
OpenGLESScope additional query,Extension additional,GL_MAX_TASK_TEXTURE_IMAGE_UNITS_EXT,not in original public capability floor,covered,exact-extension-gated registry/spec-backed query,yes,OpenGLESScope extra
OpenGLESScope additional query,Extension additional,GL_MAX_TASK_UNIFORM_BLOCKS_EXT,not in original public capability floor,covered,exact-extension-gated registry/spec-backed query,yes,OpenGLESScope extra
OpenGLESScope additional query,Extension additional,GL_MAX_TASK_UNIFORM_COMPONENTS_EXT,not in original public capability floor,covered,exact-extension-gated registry/spec-backed query,yes,OpenGLESScope extra
OpenGLESScope additional query,Extension additional,GL_MAX_TASK_WORK_GROUP_COUNT_EXT,not in original public capability floor,covered,exact-extension-gated registry/spec-backed query,yes,OpenGLESScope extra
OpenGLESScope additional query,Extension additional,GL_MAX_TASK_WORK_GROUP_INVOCATIONS_EXT,not in original public capability floor,covered,exact-extension-gated registry/spec-backed query,yes,OpenGLESScope extra
OpenGLESScope additional query,Extension additional,GL_MAX_TASK_WORK_GROUP_SIZE_EXT,not in original public capability floor,covered,exact-extension-gated registry/spec-backed query,yes,OpenGLESScope extra
OpenGLESScope additional query,Extension additional,GL_MAX_TASK_WORK_GROUP_TOTAL_COUNT_EXT,not in original public capability floor,covered,exact-extension-gated registry/spec-backed query,yes,OpenGLESScope extra
OpenGLESScope additional query,Extension additional,GL_MAX_TIMELINE_SEMAPHORE_VALUE_DIFFERENCE_NV,not in original public capability floor,covered,exact-extension-gated registry/spec-backed query,yes,OpenGLESScope extra
OpenGLESScope additional query,Extension additional,GL_MESH_OUTPUT_PER_PRIMITIVE_GRANULARITY_EXT,not in original public capability floor,covered,exact-extension-gated registry/spec-backed query,yes,OpenGLESScope extra
OpenGLESScope additional query,Extension additional,GL_MESH_OUTPUT_PER_VERTEX_GRANULARITY_EXT,not in original public capability floor,covered,exact-extension-gated registry/spec-backed query,yes,OpenGLESScope extra
OpenGLESScope additional query,Extension additional,GL_MESH_PREFERS_COMPACT_PRIMITIVE_OUTPUT_EXT,not in original public capability floor,covered,exact-extension-gated registry/spec-backed query,yes,OpenGLESScope extra
OpenGLESScope additional query,Extension additional,GL_MESH_PREFERS_COMPACT_VERTEX_OUTPUT_EXT,not in original public capability floor,covered,exact-extension-gated registry/spec-backed query,yes,OpenGLESScope extra
OpenGLESScope additional query,Extension additional,GL_MESH_PREFERS_LOCAL_INVOCATION_PRIMITIVE_OUTPUT_EXT,not in original public capability floor,covered,exact-extension-gated registry/spec-backed query,yes,OpenGLESScope extra
OpenGLESScope additional query,Extension additional,GL_MESH_PREFERS_LOCAL_INVOCATION_VERTEX_OUTPUT_EXT,not in original public capability floor,covered,exact-extension-gated registry/spec-backed query,yes,OpenGLESScope extra
OpenGLESScope additional query,Extension additional,GL_MIN_FRAGMENT_SHADING_RATE_ATTACHMENT_TEXEL_HEIGHT_EXT,not in original public capability floor,covered,exact-extension-gated registry/spec-backed query,yes,OpenGLESScope extra
OpenGLESScope additional query,Extension additional,GL_MIN_FRAGMENT_SHADING_RATE_ATTACHMENT_TEXEL_WIDTH_EXT,not in original public capability floor,covered,exact-extension-gated registry/spec-backed query,yes,OpenGLESScope extra
OpenGLESScope additional query,Extension additional,GL_NUM_DEVICE_UUIDS_EXT,not in original public capability floor,covered,exact-extension-gated registry/spec-backed query,yes,OpenGLESScope extra
OpenGLESScope additional query,Core additional,GL_RED_BITS,not in original public capability floor,covered,direct core query,yes,OpenGLESScope extra
OpenGLESScope additional query,Core additional,GL_STENCIL_BITS,not in original public capability floor,covered,direct core query,yes,OpenGLESScope extra
OpenGLESScope additional query,Core additional,Query counter bits: GL_TIMESTAMP_EXT,not in original public capability floor,covered,direct core query,yes,OpenGLESScope extra
OpenGLESScope additional query,Core additional,Query counter bits: GL_TIME_ELAPSED_EXT,not in original public capability floor,covered,direct core query,yes,OpenGLESScope extra
OpenGLESScope additional query,Extension additional,glGetFragmentShadingRatesEXT(samples=1),not in original public capability floor,covered,exact-extension-gated registry/spec-backed query,yes,OpenGLESScope extra
OpenGLESScope additional query,Extension additional,glGetFragmentShadingRatesEXT(samples=4),not in original public capability floor,covered,exact-extension-gated registry/spec-backed query,yes,OpenGLESScope extra
OpenGLESScope additional query,Extension additional,GL_MAX_COLOR_ATTACHMENTS_NV,not in original public capability floor,covered,exact GL_NV_fbo_color_attachments-gated GetIntegerv query,yes,OpenGLESScope extra
OpenGLESScope additional query,Extension additional,GL_SHADER_CORE_COUNT_ARM,not in original public capability floor,covered,exact GL_ARM_shader_core_properties-gated GetIntegerv query,yes,OpenGLESScope extra
OpenGLESScope additional query,Extension additional,GL_SHADER_CORE_ACTIVE_COUNT_ARM,not in original public capability floor,covered,exact GL_ARM_shader_core_properties-gated GetIntegerv query,yes,OpenGLESScope extra
OpenGLESScope additional query,Extension additional,GL_SHADER_CORE_PRESENT_MASK_ARM,not in original public capability floor,covered,exact GL_ARM_shader_core_properties-gated GetInteger64v bitfield query,yes,OpenGLESScope extra
OpenGLESScope additional query,Extension additional,GL_SHADER_CORE_MAX_WARP_COUNT_ARM,not in original public capability floor,covered,exact GL_ARM_shader_core_properties-gated GetIntegerv query,yes,OpenGLESScope extra
OpenGLESScope additional query,Extension additional,GL_SHADER_CORE_PIXEL_RATE_ARM,not in original public capability floor,covered,exact GL_ARM_shader_core_properties-gated GetIntegerv query,yes,OpenGLESScope extra
OpenGLESScope additional query,Extension additional,GL_SHADER_CORE_TEXEL_RATE_ARM,not in original public capability floor,covered,exact GL_ARM_shader_core_properties-gated GetIntegerv query,yes,OpenGLESScope extra
OpenGLESScope additional query,Extension additional,GL_SHADER_CORE_FMA_RATE_ARM,not in original public capability floor,covered,exact GL_ARM_shader_core_properties-gated GetIntegerv query,yes,OpenGLESScope extra
OpenGLESScope additional query,Extension additional,GL_MOTION_ESTIMATION_SEARCH_BLOCK_X_QCOM,not in original public capability floor,covered,exact GL_QCOM_motion_estimation-gated GetIntegerv query,yes,OpenGLESScope extra
OpenGLESScope additional query,Extension additional,GL_MOTION_ESTIMATION_SEARCH_BLOCK_Y_QCOM,not in original public capability floor,covered,exact GL_QCOM_motion_estimation-gated GetIntegerv query,yes,OpenGLESScope extra
OpenGLESScope additional query,Extension additional,GL_SHADING_RATE_IMAGE_TEXEL_WIDTH_NV,not in original public capability floor,covered,exact GL_NV_shading_rate_image-gated GetIntegerv query,yes,OpenGLESScope extra
OpenGLESScope additional query,Extension additional,GL_SHADING_RATE_IMAGE_TEXEL_HEIGHT_NV,not in original public capability floor,covered,exact GL_NV_shading_rate_image-gated GetIntegerv query,yes,OpenGLESScope extra
OpenGLESScope additional query,Extension additional,GL_SHADING_RATE_IMAGE_PALETTE_SIZE_NV,not in original public capability floor,covered,exact GL_NV_shading_rate_image-gated GetIntegerv query,yes,OpenGLESScope extra
OpenGLESScope additional query,Extension additional,GL_MAX_COARSE_FRAGMENT_SAMPLES_NV,not in original public capability floor,covered,exact GL_NV_shading_rate_image-gated GetIntegerv query,yes,OpenGLESScope extra
OpenGLESScope additional query,Extension additional,GL_SHADING_RATE_IMAGE_PALETTE_COUNT_NV,not in original public capability floor,covered,exact GL_NV_primitive_shading_rate-gated GetIntegerv query,yes,OpenGLESScope extra
OpenGLESScope additional query,Extension additional,GL_FRAGMENT_SHADER_FRAMEBUFFER_FETCH_MRT_ARM,not in original public capability floor,covered,exact GL_ARM_shader_framebuffer_fetch-gated GetBooleanv implementation-capability query,yes,OpenGLESScope extra
OpenGLESScope additional query,Core additional,GL_RESET_NOTIFICATION_STRATEGY,not in original public capability floor,covered,OpenGL ES 3.2 core GetIntegerv runtime reset-strategy query,yes,OpenGLESScope extra
OpenGLESScope additional query,Extension additional,GL_RESET_NOTIFICATION_STRATEGY_KHR,not in original public capability floor,covered,pre-3.2 exact GL_KHR_robustness-gated GetIntegerv query,yes,OpenGLESScope extra
OpenGLESScope additional query,Extension additional,GL_CONTEXT_ROBUST_ACCESS_KHR,not in original public capability floor,covered,exact GL_KHR_robustness-gated GetBooleanv context state query,yes,OpenGLESScope extra
